{"cameraMode":{"drawMode":0,"name":"Shaded","section":"Shading Mode"},"sceneLighting":false,"audioPlay":false,"sceneViewState":{"m_AlwaysRefresh":false,"showFog":true,"showSkybox":false,"showFlares":true,"showImageEffects":true,"showParticleSystems":true,"showVisualEffectGraphs":true,"m_FxEnabled":true},"in2DMode":false,"pivot":{"x":1.1478586196899415,"y":-0.42489004135131838,"z":-4.000701427459717},"rotation":{"x":-0.5549555420875549,"y":0.00671987421810627,"z":-0.0045077139511704449,"w":-0.831885814666748},"size":16.253416061401368,"orthographic":false}