{"cameraMode":{"drawMode":0,"name":"Shaded","section":"Shading Mode"},"sceneLighting":false,"audioPlay":false,"sceneViewState":{"m_AlwaysRefresh":false,"showFog":true,"showSkybox":false,"showFlares":true,"showImageEffects":true,"showParticleSystems":true,"showVisualEffectGraphs":true,"m_FxEnabled":true},"in2DMode":false,"pivot":{"x":243.78407287597657,"y":731.171630859375,"z":235.468994140625},"rotation":{"x":-0.046791307628154758,"y":0.0035868575796484949,"z":-0.00018204895604867488,"w":-0.998928427696228},"size":489.2071228027344,"orthographic":false}