{"cameraMode":{"drawMode":0,"name":"Shaded","section":"Shading Mode"},"sceneLighting":true,"audioPlay":false,"sceneViewState":{"m_AlwaysRefresh":false,"showFog":true,"showSkybox":true,"showFlares":true,"showImageEffects":true,"showParticleSystems":true,"showVisualEffectGraphs":true,"m_FxEnabled":true},"in2DMode":false,"pivot":{"x":150.89479064941407,"y":-25.388349533081056,"z":89.7696304321289},"rotation":{"x":-0.6752702593803406,"y":-0.0006835946696810424,"z":0.000598633021581918,"w":-0.7376030087471008},"size":108.0954818725586,"orthographic":false}