{"cameraMode":{"drawMode":0,"name":"Shaded","section":"Shading Mode"},"sceneLighting":true,"audioPlay":false,"sceneViewState":{"m_AlwaysRefresh":false,"showFog":true,"showSkybox":true,"showFlares":true,"showImageEffects":true,"showParticleSystems":true,"showVisualEffectGraphs":true,"m_FxEnabled":true},"in2DMode":false,"pivot":{"x":56.079750061035159,"y":42.123207092285159,"z":93.54351043701172},"rotation":{"x":-0.7140936851501465,"y":0.002499618334695697,"z":-0.002579300431534648,"w":-0.7000789046287537},"size":100.69962310791016,"orthographic":false}